ecoli,accuracy,precision,recall,specificity,geometric_mean,roc_auc,size,time
none,0.892844600526778,0.1,0.05714285714285714,0.99,0.10510765456244872,0.9114285714285714,268.8,1.5735626220703124e-06
smote,0.8358208955223881,0.6544285714285715,0.9428571428571428,0.8233333333333335,0.8708425272104273,0.9185714285714287,481.6,0.10738649368286132
ncr,0.9017998244073748,0.2533333333333333,0.14285714285714285,0.99,0.23473994360721973,0.910952380952381,260.0,0.21891212463378906
weak,0.9045654082528534,0.7472527472527472,0.45714285714285713,0.9566666666666667,0.6414319965833133,0.9071428571428571,278.2,0.2216428756713867
relabel,0.8955662862159791,0.6766666666666666,0.5142857142857142,0.9400000000000001,0.6679516416747994,0.9071428571428571,285.0,0.21794552803039552
strong,0.9104477611940298,0.6966666666666667,0.5999999999999999,0.9466666666666667,0.7316641490327812,0.9033333333333333,289.4,0.537829065322876
