isolet,accuracy,precision,recall,specificity,geometric_mean,roc_auc,size,time
none,0.9734524103221986,0.8334085187026453,0.8216666666666665,0.9861065747818701,0.8992954946489515,0.9883947660090598,6237.6,0.0031763553619384766
smote,0.9684501899639809,0.7490932095279921,0.8916666666666666,0.9748515558644121,0.9321006158532104,0.9876571009638896,11515.2,0.18595361709594727
ncr,0.9735806976858934,0.819015953217298,0.8483333333333333,0.9840223727897459,0.9131836650391675,0.9887144557691812,6164.2,11.955303573608399
weak,0.971272100787816,0.7935977489362351,0.8533333333333333,0.9811044513937148,0.9145048008518024,0.988406363408231,6306.0,11.860307312011718
relabel,0.9685792174470815,0.7734465796462977,0.845,0.9788816500656321,0.9086800914588797,0.9870262592335213,6338.2,11.53371229171753
strong,0.9697330636009276,0.7744249313451573,0.8616666666666667,0.978742278588526,0.9179001594143029,0.9880207810529432,6446.0,12.59709711074829
