optical_digits,accuracy,precision,recall,specificity,geometric_mean,roc_auc,size,time
none,0.9667221674699927,0.8635410997240076,0.7868304668304669,0.9863790448041339,0.8805418352483144,0.9802253748916365,4496.0,8.249282836914063e-06
smote,0.9473265125083318,0.679736638929673,0.8950696150696149,0.9530174788888435,0.9227927167154967,0.9800166854886273,8105.6,0.12267050743103028
ncr,0.9676113724077636,0.8618155568159873,0.7994266994266994,0.9859841780716561,0.8871224178469161,0.9806229577692862,4493.0,0.8273065090179443
weak,0.9668999455294541,0.8500051954078254,0.8085012285012285,0.9842072777755062,0.8915706481474859,0.9797161819654037,4529.4,0.8901717662811279
relabel,0.9668999455294541,0.8500051954078254,0.8085012285012285,0.9842072777755062,0.8915706481474859,0.9797161819654037,4529.4,1.1098068237304688
strong,0.9647642385901459,0.8269961783684314,0.8157084357084357,0.9810487333306075,0.8941173836077813,0.979461441648396,4568.4,1.281644630432129
