us_crime,accuracy,precision,recall,specificity,geometric_mean,roc_auc,size,time
none,0.9433243913804612,0.7236783988957902,0.4,0.987525038293861,0.6155400639897873,0.9254563842739877,1595.2,5.054473876953125e-06
smote,0.8721162201987381,0.3480244809102298,0.8,0.8779795569694826,0.8363055037571414,0.9187321295314401,2950.4,0.11309232711791992
ncr,0.9368018035037341,0.6086153846153847,0.43999999999999995,0.9772151525863085,0.6457455908897861,0.9259256313577628,1565.0,0.3551165103912354
weak,0.9187554312917973,0.4678631070094485,0.6,0.9446830446565336,0.7492175302275477,0.9219161659007895,1742.8,0.36021080017089846
relabel,0.9182541781589653,0.468932080901003,0.6333333333333333,0.9414310121362084,0.7690778134427484,0.9229096461254468,1765.2,0.35869288444519043
strong,0.910729084016574,0.43984923158452566,0.6866666666666668,0.9289545775892541,0.7965419724515955,0.9203267742822355,1871.2,0.6880951881408691
