solar_flare_m0,accuracy,precision,recall,specificity,geometric_mean,roc_auc,size,time
none,0.918070220660551,0.09289617486338797,0.12857142857142856,0.9584848484848486,0.18847407357467688,0.7728430531732419,1111.2,3.24249267578125e-06
smote,0.700282154618683,0.12071164312926912,0.5692307692307692,0.706600914808462,0.5993717087546171,0.731164747202483,2113.6,0.11073002815246583
ncr,0.9130419851844156,0.15357142857142855,0.14395604395604394,0.9524328187535736,0.24247070193585687,0.7769322658473602,1096.8,0.2350245952606201
weak,0.8822175938066363,0.2946248196248196,0.3043956043956044,0.9116552315608921,0.4401191273997851,0.7626766629596818,1201.2,0.23205318450927734
relabel,0.8822175938066363,0.2946248196248196,0.3043956043956044,0.9116552315608921,0.4401191273997851,0.7638288598194258,1206.6,0.23197855949401855
strong,0.8528062655267657,0.2535,0.34725274725274724,0.8784248141795311,0.44695663446484063,0.7618402823591504,1273.4,0.5326531887054443
