webpage,accuracy,precision,recall,specificity,geometric_mean,roc_auc,size,time
none,0.9709314084755001,0.622874902874903,0.42495597223661036,0.9867751304200141,0.6278330968152407,0.8568827373305478,27824.0,0.003644514083862305
smote,0.737623644310079,0.12218042697969092,0.6715218066922201,0.739538353858235,0.6983529432818315,0.8033155123081208,54078.4,0.3803266048431396
ncr,0.9708164246540141,0.6242521472327673,0.43618046203252875,0.9863313434377655,0.6396429261702854,0.8630537272974224,27792.4,84.65307402610779
weak,0.9477860176169619,0.5171453500234604,0.5125919403294313,0.9604141836744521,0.673798155358272,0.8361279427702414,28592.4,83.4841534614563
relabel,0.9479010262426089,0.5169737204866864,0.5166683932456231,0.960414183674452,0.6764042709611792,0.8368790443934306,28608.2,81.95551562309265
strong,0.9369753018602447,0.4843872928458707,0.5339790738630479,0.9486686215442746,0.6807299350415044,0.8217583534138686,29224.8,84.56173005104066
