abalone_19,accuracy,precision,recall,specificity,geometric_mean,roc_auc,size,time
none,0.9923393404578403,0.0,0.0,1.0,0.0,0.7352691136768339,3341.6,3.62396240234375e-06
smote,0.7831037446637825,0.034172861381737016,0.7523809523809524,0.7833534378769602,0.7609328934341009,0.8352289045895802,6632.0,0.12203750610351563
ncr,0.9923393404578403,0.0,0.0,1.0,0.0,0.7351886955023265,3340.6,0.29071884155273436
weak,0.9923393404578403,0.0,0.0,1.0,0.0,0.7913320696191625,3414.6,0.29226036071777345
relabel,0.9923393404578403,0.0,0.0,1.0,0.0,0.7904302372336147,3415.0,0.28510322570800783
strong,0.9918605850499957,0.0,0.0,0.9995174909529554,0.0,0.8029007984375898,3463.2,0.4679605484008789
