satimage,accuracy,precision,recall,specificity,geometric_mean,roc_auc,size,time
none,0.8979019536072075,0.2253968253968254,0.014336507936507936,0.993115170167566,0.07550319540429484,0.7348062140032999,5148.0,0.0013000965118408203
smote,0.6172822832722081,0.19102054245726843,0.7874412698412698,0.5989145211336302,0.6839050382200318,0.735825454727204,9294.4,0.12463908195495606
ncr,0.8960373932346345,0.3044444444444444,0.01753650793650794,0.9907055316133491,0.11089803319705868,0.7354844558638499,5013.0,0.4211669921875
weak,0.8892008713294806,0.26920525577241994,0.03672380952380953,0.9810660879027369,0.18180670596599258,0.7299597349054501,5280.2,0.4258172035217285
relabel,0.8851605871908124,0.2627272727272727,0.044711111111111104,0.9757297184307552,0.20386906094894658,0.7313355695206074,5331.6,0.43080897331237794
strong,0.874128863788408,0.2550039871404229,0.06547301587301588,0.9612698116200498,0.24828977881566386,0.7312381798670715,5493.8,0.7457375526428223
