yeast_me2,accuracy,precision,recall,specificity,geometric_mean,roc_auc,size,time
none,0.9656359226829025,0.0,0.0,1.0,0.0,0.8682890280451255,1187.2,5.388259887695313e-06
smote,0.860512205310863,0.17594543414803568,0.7454545454545454,0.8646304914597597,0.7966863016865947,0.8771572330108915,2292.8,0.10827689170837403
ncr,0.9656359226829025,0.0,0.0,1.0,0.0,0.8684091518237859,1175.8,0.23425955772399903
weak,0.9649625220095019,0.25,0.06000000000000001,0.9972052337905997,0.1523556904019573,0.8728215686752272,1237.6,0.2351374626159668
relabel,0.9629377699847499,0.4333333333333333,0.08,0.9944129041690017,0.21537854212308422,0.8741085743524769,1247.0,0.23383078575134278
strong,0.9602328228167154,0.4519047619047619,0.1745454545454545,0.9881313808143076,0.40744981662439006,0.8738785604639263,1286.4,0.4888174533843994
