letter_img,accuracy,precision,recall,specificity,geometric_mean,roc_auc,size,time
none,0.9829999120656195,0.8408711613606392,0.6634889572267262,0.9951727948123643,0.8125581232414634,0.9868068941942175,16000.0,3.628730773925781e-05
smote,0.945500223593764,0.3999812146472519,0.9645699375640667,0.9447734066055726,0.9546035599713617,0.9882432753325203,30825.6,0.170274019241333
ncr,0.9829499120656194,0.8393456083476721,0.6634889572267262,0.9951208872079003,0.812536676512835,0.9867482669998932,15988.8,1.2076409816741944
weak,0.9826499120656195,0.8273441398262058,0.6675799086757991,0.9946537187677237,0.8148461907021248,0.9864626230833146,16011.2,1.1734272956848144
relabel,0.982649887059368,0.8254015916661078,0.6703009971111732,0.9945499035587956,0.8164566955777968,0.9865830037632926,16013.2,1.156019687652588
strong,0.982599949568747,0.8188091832076972,0.6771503121796664,0.9942384714005128,0.8204418249182265,0.9859255293930733,16046.8,1.450047254562378
