yeast_ml8,accuracy,precision,recall,specificity,geometric_mean,roc_auc,size,time
none,0.9263563256264945,0.0,0.0,1.0,0.0,0.60902539986912,1933.6,6.151199340820313e-06
smote,0.6570499624310328,0.09329261046621161,0.416031746031746,0.676219439117929,0.5295674286122175,0.5936081458590147,3582.4,0.11599774360656738
ncr,0.9263563256264945,0.0,0.0,1.0,0.0,0.6085615412272292,1911.0,0.4684861660003662
weak,0.908559455349018,0.14004329004329003,0.04476190476190477,0.9772191594758709,0.20354101245908102,0.5963085274657962,2269.8,0.4673134803771973
relabel,0.9073163566898499,0.14956293706293705,0.05047619047619047,0.9754314477468841,0.21721829528031927,0.5959303258495792,2283.4,0.4685953617095947
strong,0.8680207576087721,0.12645978991410783,0.14126984126984127,0.925859899328859,0.3523130929312082,0.5950097327801366,2518.4,0.7402910232543946
