wine_quality,accuracy,precision,recall,specificity,geometric_mean,roc_auc,size,time
none,0.9630462154218173,0.3333333333333333,0.021621621621621623,0.9995758218451749,0.09297344960085321,0.7816880507230455,3918.4,3.3855438232421873e-06
smote,0.7458654186904587,0.10530096412286631,0.6274774774774775,0.750371155885472,0.6768993176536396,0.7772171429117346,7544.0,0.12260079383850098
ncr,0.9632502970544705,0.3333333333333333,0.021621621621621623,0.9997879109225873,0.09297344960085321,0.7814869482419854,3887.6,0.29003300666809084
weak,0.9593729544933398,0.500974358974359,0.18513513513513513,0.9893955461293743,0.42155700926296635,0.7894990430515352,4197.4,0.29308209419250486
relabel,0.9579435492276585,0.39568233618233617,0.1741741741741742,0.9883351007423119,0.4082929835612693,0.7873203532270341,4222.8,0.2919915199279785
strong,0.9505964019928708,0.36298746132064763,0.25090090090090095,0.9777306468716862,0.4931889131302398,0.7858803129746926,4420.6,0.6158700466156006
