car_eval_34,accuracy,precision,recall,specificity,geometric_mean,roc_auc,size,time
none,0.8962965452345746,0.6079347826086957,0.6222222222222222,0.9196112064036592,0.7335158227009545,0.9747590851039126,1382.4,2.3365020751953127e-06
smote,0.857406909530851,0.5367039964866052,0.9925925925925926,0.846162339070602,0.9125472828363799,0.9759897828863346,2550.4,0.10871272087097168
ncr,0.8986187659631671,0.6106198608475649,0.6222222222222222,0.9221249581041384,0.7348870452860321,0.9746429815395332,1377.8,0.23900399208068848
weak,0.8974122865976609,0.6174820981944017,0.9333333333333332,0.8945091776581693,0.9096339264111766,0.9771275978172529,1575.0,0.24062008857727052
relabel,0.8974122865976609,0.6174820981944017,0.9333333333333332,0.8945091776581693,0.9096339264111766,0.9771275978172529,1575.0,0.23899526596069337
strong,0.8991396693103912,0.6161724610792934,0.9777777777777779,0.8926243567753002,0.9315697195472398,0.9790316962730756,1679.8,0.5635095119476319
