mammography,accuracy,precision,recall,specificity,geometric_mean,roc_auc,size,time
none,0.9836359230793221,0.801457604531068,0.4,0.9975281850110225,0.6315761821670028,0.9181734956280592,8946.4,4.482269287109375e-06
smote,0.8987741936515731,0.169687981994015,0.8576923076923076,0.8997520557245957,0.8782361200445763,0.9211561846957244,17476.8,0.1419229507446289
ncr,0.9839937048324525,0.7750420875420876,0.4461538461538462,0.9967958357432043,0.6666738845309332,0.9193199187349645,8909.4,0.5391756057739258
weak,0.983636003048422,0.7214484832721124,0.4884615384615385,0.9954225446559543,0.6969484311132449,0.9186281101035325,9091.0,0.5300445079803466
relabel,0.9836361230020719,0.7021362528751338,0.5192307692307693,0.9946901534773389,0.7180469809429583,0.9189238689565438,9115.2,0.5314451217651367
strong,0.9831889757797587,0.6756866323765278,0.5384615384615385,0.9937745702047762,0.7306687804610899,0.9183076996420818,9233.6,0.8522221565246582
