abalone,accuracy,precision,recall,specificity,geometric_mean,roc_auc,size,time
none,0.9063925196202576,0.0,0.0,1.0,0.0,0.8138182685225687,3341.6,2.6226043701171875e-06
smote,0.7055494745276473,0.22583637071480442,0.874423888347939,0.6880757607972032,0.7742928376775821,0.8269939283078509,6057.6,0.11572127342224121
ncr,0.9061529986621737,0.0,0.0,0.9997357992073976,0.0,0.8142340065982807,3188.6,0.27385892868041994
weak,0.8642459883101182,0.19143013848896204,0.12541382667964945,0.9405628383112064,0.3411680473561409,0.8191371424149256,3615.4,0.2814798355102539
relabel,0.8374425342862661,0.24063540704547332,0.34232392080493346,0.8885403777583365,0.5476806550678341,0.8208082808314694,3727.2,0.2812401294708252
strong,0.8187770695168801,0.2639154998601773,0.5237260629665693,0.8491918871534979,0.6625056206063294,0.820579523068244,3926.6,0.6037443161010743
