scene,accuracy,precision,recall,specificity,geometric_mean,roc_auc,size,time
none,0.9210652082021376,0.3111111111111111,0.07317460317460318,0.988340807174888,0.22661755890247304,0.7352772439319525,1925.6,0.00021038055419921874
smote,0.7711208495440861,0.15593189175201203,0.4741269841269841,0.7946188340807174,0.5987008780707291,0.6961150259804969,3568.0,0.1172513484954834
ncr,0.9189905194054571,0.31047619047619046,0.07904761904761905,0.9856502242152466,0.24255483094644187,0.7353135454480746,1901.6,0.7949406147003174
weak,0.8641687010981617,0.2034318652077638,0.27666666666666667,0.9107623318385649,0.4850905338284912,0.715434550501815,2225.6,0.8846656799316406
relabel,0.8637563513082185,0.20908801717548564,0.2822222222222222,0.909865470852018,0.49166988297357594,0.7159730229909601,2233.6,0.8651429176330566
strong,0.8342690280449616,0.18658313262463244,0.35555555555555557,0.8721973094170403,0.5412449284870954,0.7109199943056445,2448.8,1.2695323467254638
