sick_euthyroid,accuracy,precision,recall,specificity,geometric_mean,roc_auc,size,time
none,0.9497260383546303,0.8006610470275067,0.61052016364699,0.9843205574912892,0.7743825811603766,0.9556171686789925,2530.4,2.288818359375e-06
smote,0.8953541504189413,0.46964910123207504,0.9178842781998832,0.8930313588850176,0.9050508690303449,0.9547093310959827,4592.0,0.1137014389038086
ncr,0.9532030515727798,0.8099345534648362,0.6479251899473992,0.9843205574912892,0.7973882014973857,0.9552560089765546,2452.0,0.26381564140319824
weak,0.9434044233807267,0.6519274141581515,0.8356516656925773,0.9543554006968641,0.8922520540766674,0.9552037747145444,2834.0,0.266524600982666
relabel,0.9389755434239205,0.6268217293791982,0.8596727060198714,0.9470383275261325,0.9018684661085098,0.9525389109614567,2895.2,0.26389164924621583
strong,0.9275966364708941,0.5716018328218784,0.8697253068381062,0.9334494773519164,0.9001544123993946,0.95439358363693,3120.8,0.5917070388793946
