pen_digits,accuracy,precision,recall,specificity,geometric_mean,roc_auc,size,time
none,0.9590598092192619,0.8202150344501906,0.7364928909952606,0.9826901013529593,0.8504525182096717,0.9703199020338408,8793.6,7.009506225585937e-06
smote,0.9309484292843839,0.5919517819146483,0.9175355450236967,0.9323726455360244,0.9248645956101841,0.9742745297013382,15899.2,0.1403822898864746
ncr,0.9605153471612748,0.832536102054449,0.7402843601895734,0.9838976485991946,0.8532009806231452,0.9700973945337591,8787.8,0.4895457744598389
weak,0.958968817408525,0.8190653239790393,0.738388625592417,0.9823878854404736,0.8514672472276213,0.9721749029826545,8804.0,0.5073798179626465
relabel,0.958968817408525,0.8190653239790393,0.738388625592417,0.9823878854404736,0.8514672472276213,0.9721749029826545,8804.0,0.5031730651855468
strong,0.9583319574908108,0.8143889268236923,0.7355450236966824,0.9819855722153757,0.849615424520646,0.9711819108239526,8818.4,0.7817152976989746
