oil,accuracy,precision,recall,specificity,geometric_mean,roc_auc,size,time
none,0.9134595252242311,0.1939393939393939,0.21944444444444447,0.9452576039726877,0.317459457246364,0.7121177322573969,749.6,3.24249267578125e-06
smote,0.8503692386045328,0.31627591911240405,0.8,0.8525698324022345,0.8048403521812448,0.8835319677219118,1433.6,0.10907745361328125
ncr,0.9102509690744984,0.22400000000000003,0.17222222222222222,0.9441340782122906,0.2170850775212637,0.7737485343816816,742.4,0.2244248390197754
weak,0.9059389412330588,0.30230769230769233,0.4833333333333333,0.9251520794537555,0.5872752487309066,0.795443134009242,813.2,0.22627635002136232
relabel,0.8952663893840365,0.2643859649122807,0.3416666666666667,0.9206765983860956,0.478838039389064,0.8178246775639699,818.6,0.22650232315063476
strong,0.8995218289335936,0.3776750700280112,0.4611111111111111,0.9195592799503414,0.6234292105072502,0.819851024208566,864.6,0.4173923969268799
