libras_move,accuracy,precision,recall,specificity,geometric_mean,roc_auc,size,time
none,0.9498815572276887,0.6,0.24,1.0,0.3577708763999664,0.9504477611940298,288.0,2.5272369384765624e-06
smote,0.9420852359208525,0.6796428571428571,0.8399999999999999,0.9497366110623353,0.8823356201654932,0.9516505706760316,537.6,0.10562009811401367
ncr,0.9498815572276887,0.6,0.24,1.0,0.3577708763999664,0.9504477611940298,288.0,0.2160977840423584
weak,0.9666655947863741,0.8,0.51,1.0,0.6204186762568458,0.9301580333625988,301.0,0.2176337718963623
relabel,0.9666655947863741,0.8,0.51,1.0,0.6204186762568458,0.9301580333625988,301.0,0.21415119171142577
strong,0.9667036465367549,0.76,0.5900000000000001,0.9940737489025461,0.6845750852261173,0.9516681299385426,315.6,0.43745079040527346
