car_eval_4,accuracy,precision,recall,specificity,geometric_mean,roc_auc,size,time
none,0.9571667923263801,0.1624223602484472,0.3230769230769231,0.9819277108433735,0.3487373855364033,0.9711003403774487,1382.4,3.1948089599609376e-06
smote,0.9125224093155733,0.49858477970627507,0.8,0.9169072687144976,0.7625959752104714,0.969714478148213,2660.8,0.11018557548522949
ncr,0.9560073720365251,0.156231884057971,0.3230769230769231,0.980722891566265,0.3481199125591041,0.9711003403774487,1380.6,0.24122071266174316
weak,0.9449861774315155,0.5321428571428571,0.5692307692307692,0.9596530265204963,0.6418985904055479,0.9693439036812531,1466.2,0.23939695358276367
relabel,0.9449861774315155,0.5321428571428571,0.5692307692307692,0.9596530265204963,0.6418985904055479,0.9693439036812531,1466.2,0.24059443473815917
strong,0.9467219569406048,0.5320191158900837,0.6461538461538462,0.9584518253192952,0.6897545419105368,0.9694837562307441,1517.6,0.5598652362823486
