ozone_level,accuracy,precision,recall,specificity,geometric_mean,roc_auc,size,time
none,0.9688556222962248,0.35333333333333333,0.05428571428571429,0.9959432048681542,0.17757406837581158,0.8729310462620707,2028.8,6.818771362304688e-06
smote,0.8012931436930067,0.10737605184413694,0.7790476190476191,0.8018857500948234,0.7888459984521035,0.8717608187093173,3940.8,0.11796092987060547
ncr,0.9672808191466185,0.27714285714285714,0.05428571428571429,0.9943204868154158,0.1772768957755324,0.8806653191133476,2019.4,0.2631869316101074
weak,0.9519109271420124,0.2706349206349207,0.17714285714285713,0.9748371510084268,0.4032172711611409,0.8726312156485807,2174.4,0.26462650299072266
relabel,0.9530904733746226,0.40360248447204966,0.2314285714285714,0.9744298223915303,0.46426513700566463,0.8803847712339771,2180.6,0.25917892456054686
strong,0.9389016837322213,0.19977215766689455,0.2714285714285714,0.9586000758587707,0.4908975867270618,0.876420855979061,2281.2,0.45636439323425293
