spectrometer,accuracy,precision,recall,specificity,geometric_mean,roc_auc,size,time
none,0.975524598836184,0.8505555555555555,0.8666666666666666,0.9855880496528509,0.9238713365738687,0.9346845267316548,424.8,3.0040740966796874e-06
smote,0.9661259037206842,0.8064285714285713,0.8,0.9815064169997896,0.8848054439933801,0.9275942679477289,777.6,0.10829524993896485
ncr,0.9717686475048491,0.8292063492063491,0.8444444444444443,0.9835261939827478,0.9098745838692854,0.962975430722117,422.2,0.22146868705749512
weak,0.9698818550520191,0.8247619047619047,0.8222222222222222,0.9835261939827478,0.8978224006039293,0.9618252799401548,448.6,0.22231106758117675
relabel,0.9660906365720331,0.8206060606060607,0.7999999999999999,0.9814432989690722,0.8847583126229909,0.9552446408116511,449.0,0.21681876182556153
strong,0.9698818550520191,0.8247619047619047,0.8222222222222222,0.9835261939827478,0.8978224006039293,0.9638801224957337,472.6,0.4329528331756592
