coil_2000,accuracy,precision,recall,specificity,geometric_mean,roc_auc,size,time
none,0.9400327978899956,0.36666666666666664,0.008547008547008548,0.9991338475637338,0.08158465062136114,0.7406668998954474,7857.6,0.0003284931182861328
smote,0.6969084414683013,0.11680985666671398,0.6211936839055483,0.7017125583313998,0.6600942850600471,0.7320788515954979,14777.6,0.15288090705871582
ncr,0.9401345272897921,0.44666666666666666,0.011951325510647546,0.9990255638604312,0.10763583171644994,0.7415278207284025,7760.6,1.3738229751586915
weak,0.9268989315305198,0.2371739955950482,0.10578009561060409,0.9789953639574647,0.3182316352325176,0.7396912393199317,8806.4,1.4390666961669922
relabel,0.9234373348969134,0.2179397739091554,0.11257424308271764,0.9748811691827394,0.32815972923878023,0.7395750514309698,8873.8,1.2504534721374512
strong,0.9001230697830532,0.20498558889860816,0.2338113863537592,0.9423996910867511,0.4687415826587686,0.7386810473486761,9562.4,1.9451178550720214
