thyroid_sick,accuracy,precision,recall,specificity,geometric_mean,roc_auc,size,time
none,0.9642092262781918,0.806922195462745,0.5496762257169288,0.9912453284246929,0.7363420243206098,0.9511620015248206,3017.6,9.5367431640625e-06
smote,0.8831045710356055,0.33337204800619435,0.8789084181313598,0.8833763636218753,0.8806485365819045,0.9524130131409271,5665.6,0.11897468566894531
ncr,0.9650042805215218,0.8112777127108496,0.562627197039778,0.9912453284246929,0.7443381622011229,0.951156277937686,2957.2,0.27989659309387205
weak,0.9615595132836512,0.6603508771929825,0.7618871415356152,0.9745838413297954,0.8601488568587066,0.9564851837673217,3291.6,0.2757726192474365
relabel,0.9591757540033402,0.6368649366458252,0.7749306197964847,0.9711960029643087,0.8655141028763971,0.9538091825046457,3336.8,0.27495417594909666
strong,0.9512245098451995,0.5714025890370168,0.8225716928769657,0.9596184647749275,0.8875478160499523,0.9568927347580919,3532.6,0.6098241329193115
