arrhythmia,accuracy,precision,recall,specificity,geometric_mean,roc_auc,size,time
none,0.9403418803418804,0.5055555555555555,0.48,0.967250341997264,0.6651098887914729,0.8365253077975376,361.6,3.62396240234375e-06
smote,0.9381440781440782,0.49777777777777776,0.52,0.9625991792065663,0.6997019870585693,0.8350971272229822,683.2,0.1070326328277588
ncr,0.9447374847374848,0.5033333333333333,0.48,0.9719015047879618,0.6663368454521761,0.8579151846785227,357.4,0.22074551582336427
weak,0.9381196581196581,0.4666666666666666,0.48,0.9648974008207934,0.6643467306076128,0.8607222982216143,402.8,0.22094521522521973
relabel,0.9270085470085471,0.36666666666666664,0.44000000000000006,0.9554856361149111,0.6333989479882407,0.8250670314637482,405.2,0.22096519470214843
strong,0.9358974358974359,0.4523809523809524,0.48,0.9625444596443229,0.6634160741369932,0.8583419972640218,436.6,0.4097529411315918
